file,category,mssnsd_split,mssnsd_path,duration_s,samples,rms_dbfs,peak_dbfs,probable_source,licence,flac_sha256,pcm_sha256
noise_test_AirConditioner_1.flac,AirConditioner,test,noise_test/AirConditioner_1.wav,23.449,375178,-11.4,0.0,Freesound (CC0),"CC BY-SA 3.0 (applied to the whole folder, see LICENSES.md)",72c3db817dc89b480f20a82d0be51bcf11c8275179fa8e3c4b851e9ea24f72b9,ce18416598f09f2b0959824cab0f7af1200365eb39a7b4d180e80011c881d351
noise_test_AirConditioner_10.flac,AirConditioner,test,noise_test/AirConditioner_10.wav,27.438,439010,-12.16,0.0,Freesound (CC0),"CC BY-SA 3.0 (applied to the whole folder, see LICENSES.md)",16e3b6cdd967673d772a8fdd273d1d809d8bdca80f08788c3e4f71376e2d9b66,78c62a279cc890ce2346c3e4683e7ae66c381de84d3112dd42ce5a0e8aad84de
noise_test_AirConditioner_2.flac,AirConditioner,test,noise_test/AirConditioner_2.wav,22.617,361878,-13.05,0.0,Freesound (CC0),"CC BY-SA 3.0 (applied to the whole folder, see LICENSES.md)",2a5b95da5f5f91635531463c50703748015722e59336c439a32963204bab3c44,2efe7edb557ece1cb5125cbd46e0d5277b2d758edb0a62728a541aefe7446a9a
noise_test_AirConditioner_3.flac,AirConditioner,test,noise_test/AirConditioner_3.wav,32.8,524802,-16.03,0.0,Freesound (CC0),"CC BY-SA 3.0 (applied to the whole folder, see LICENSES.md)",84a1533a2452093a7fad551c470ffbae215225d2c5ed03da9a1e48b53a49a04c,6584f8bf34961e980d759d30b91df16c1c9c33eb5ec3ebecbf6d4adb5476e5d7
noise_test_AirConditioner_4.flac,AirConditioner,test,noise_test/AirConditioner_4.wav,35.255,564085,-13.45,0.0,Freesound (CC0),"CC BY-SA 3.0 (applied to the whole folder, see LICENSES.md)",8d6e19286be6e3a1bcdd8bc231a9dbc773add13ee45103f71cbe15bd158a4cc8,afe909a47dfe6698d8a1e5ecb08c72a44d9cb922f4ce28e430061d99094ff8e8
noise_test_AirConditioner_5.flac,AirConditioner,test,noise_test/AirConditioner_5.wav,30.078,481246,-13.46,0.0,Freesound (CC0),"CC BY-SA 3.0 (applied to the whole folder, see LICENSES.md)",01c3fbccc4e9d86ef8f30b268bcf11094d7016302e470a881a1e9478c2e9717b,ee8dd5fbbf0cfae781280418b90bacaf4c85fe2592e7d8f2c1a5230f41bd6aa3
noise_test_AirConditioner_6.flac,AirConditioner,test,noise_test/AirConditioner_6.wav,23.938,383006,-12.84,-0.0,Freesound (CC0),"CC BY-SA 3.0 (applied to the whole folder, see LICENSES.md)",1f6c7e5bbeaf7b37f6bfd5bd165ea902f1ac1d92f9c3d4a125ab252eac7b9c15,31fec9e87f7a3ae5523891985ca8a1482d9dabea6a67eb3e44dcd8d1a46497a3
noise_test_AirConditioner_7.flac,AirConditioner,test,noise_test/AirConditioner_7.wav,23.216,371450,-14.05,0.0,Freesound (CC0),"CC BY-SA 3.0 (applied to the whole folder, see LICENSES.md)",a851bf2f6b21f03437a5e3d4bbdbd3bc5c6ab66af7c69288b966a3601d4ad754,aadcd5ff9ddf477a9829919c779a7450c816587ea3c04d1d134fc852176dc7f1
noise_test_AirConditioner_8.flac,AirConditioner,test,noise_test/AirConditioner_8.wav,53.974,863592,-13.78,0.0,Freesound (CC0),"CC BY-SA 3.0 (applied to the whole folder, see LICENSES.md)",1fa97d2d4cdf375e9b022b5d75bd828827e193e3af23f81ee5f44f24a19c529b,5849e7edd89789ae808744869c0b34e45efc063b1140699616587fe767c9dc14
noise_test_AirConditioner_9.flac,AirConditioner,test,noise_test/AirConditioner_9.wav,42.058,672923,-14.87,0.0,Freesound (CC0),"CC BY-SA 3.0 (applied to the whole folder, see LICENSES.md)",f3eb497ae39312fc5bde728a223be879b5c755d7df40dc63c640602d7959e7da,48475d9302c806c5ba02bc346c4411aaa70124a5d822620f9c30b2502b91fe63
noise_test_AirportAnnouncements_1.flac,AirportAnnouncements,test,noise_test/AirportAnnouncements_1.wav,70.255,1124078,-19.42,0.0,Freesound (CC0),"CC BY-SA 3.0 (applied to the whole folder, see LICENSES.md)",c50ddf9bcd403134b61664a33c7456a073b9cfcb812930c5c491b759d22398f4,7ec27347c0b32d9caec331f172a5df46958f8fe0c27946d19183f8634b17917e
noise_test_AirportAnnouncements_2.flac,AirportAnnouncements,test,noise_test/AirportAnnouncements_2.wav,48.531,776501,-16.87,-0.0,Freesound (CC0),"CC BY-SA 3.0 (applied to the whole folder, see LICENSES.md)",eeab14551b5aadefee0f29b9ded12e91207c28cc093b07a4a76b5ea736a2cd9f,25f9e65d020ca9477ff7a7b194ec7c476a409db55fc5627851c5ee2a6e2047dc
noise_test_AirportAnnouncements_3.flac,AirportAnnouncements,test,noise_test/AirportAnnouncements_3.wav,37.557,600910,-16.58,-0.0,Freesound (CC0),"CC BY-SA 3.0 (applied to the whole folder, see LICENSES.md)",851a4797bef2354ff3d445ed89090b80a250999631d786759cc6ea5a83bf9bf1,877a29a862ca35f1d0c1ea174775944965361af8c2e5c4929910fb2c8c2ce65f
noise_test_AirportAnnouncements_4.flac,AirportAnnouncements,test,noise_test/AirportAnnouncements_4.wav,71.314,1141032,-20.47,0.0,Freesound (CC0),"CC BY-SA 3.0 (applied to the whole folder, see LICENSES.md)",2f2f3edb98fa90b8cd82cfe8cd8cd8fe08df2bb6cf22dec6ca039269945f7bc1,1fd41a86b489f7fcb66a733adf610c979efd98f752171d2d617b8f0366b41d86
noise_test_Babble_1.flac,Babble,test,noise_test/Babble_1.wav,61.041,976663,-17.5,0.0,Freesound (CC0),"CC BY-SA 3.0 (applied to the whole folder, see LICENSES.md)",b42b58c2c3f57c155bdcc27b50447ca065e499e4a4d08ea891a59467327548f2,d55d3a3c2b412ab4b66fffe9394162e79200d06b787d48d6de76ba6d5375694a
noise_test_Babble_2.flac,Babble,test,noise_test/Babble_2.wav,30.659,490539,-22.66,-0.0,Freesound (CC0),"CC BY-SA 3.0 (applied to the whole folder, see LICENSES.md)",833a6e4f64d86983294636d66a59e5e885b7e34b53b76ede62f37842d356caec,81447cdb4d49f14535e2791eca3abf44fb1a6ca2a1e3f4d2388b8310787c9f99
noise_test_Babble_3.flac,Babble,test,noise_test/Babble_3.wav,53.005,848087,-18.58,-0.0,Freesound (CC0),"CC BY-SA 3.0 (applied to the whole folder, see LICENSES.md)",447ae8b40975087dc248099ea3002360b2123055d668a1e360c6c23693d29821,cd8563aabc59c3d4b660a253afe4a4a294e03d2cb60b3afe4ff3219286efdc9a
noise_test_Babble_4.flac,Babble,test,noise_test/Babble_4.wav,115.627,1850029,-23.2,-0.0,Freesound (CC0),"CC BY-SA 3.0 (applied to the whole folder, see LICENSES.md)",2d0edc4a288d945db6d89048cf79349de38299ff8da59eac2a750f91f73f74b2,9456fb879af8e595f807df737d3760ffa2e5add107a323a83f37bb447863ac34
noise_test_Babble_5.flac,Babble,test,noise_test/Babble_5.wav,39.363,629814,-21.58,-0.0,Freesound (CC0),"CC BY-SA 3.0 (applied to the whole folder, see LICENSES.md)",66a9740ceac4108c7973aea25a52257737464eb0ec18895606ce2cdfa328c652,10e7f277adc7ae62d2abe5ba984503de1c088584f7cb0f896b8423e53920f090
noise_test_Babble_6.flac,Babble,test,noise_test/Babble_6.wav,21.46,343360,-15.28,0.0,Freesound (CC0),"CC BY-SA 3.0 (applied to the whole folder, see LICENSES.md)",321773301e81a0d7bc59c99705e1a58aa866c15ee1a1819cf74f4f8a52ac28b4,b4e2b5213eb78a11c6815e53f2f68bed982629d5d86b655aeed010d847db60d6
noise_test_Babble_7.flac,Babble,test,noise_test/Babble_7.wav,22.711,363382,-17.96,0.0,Freesound (CC0),"CC BY-SA 3.0 (applied to the whole folder, see LICENSES.md)",5a5cc0d77dab244e6016823734f97ea81e2724298432e28f886dec66fc42e04d,e6c742bde5015e48292b194492d21a8459e5f21086a5c159202cc1807b283cd0
noise_test_Babble_8.flac,Babble,test,noise_test/Babble_8.wav,22.152,354435,-16.45,-0.0,Freesound (CC0),"CC BY-SA 3.0 (applied to the whole folder, see LICENSES.md)",8c74edd59434015ebd33bfcafeb0f43c1b2d61395587b26edfa241760d6a9c3a,a93eae6303af88c6a5aa9a9d30ff655e669ecfa2e87f5fa00412a2688658228e
noise_test_CopyMachine_1.flac,CopyMachine,test,noise_test/CopyMachine_1.wav,49.769,796300,-23.45,0.0,Freesound (CC0),"CC BY-SA 3.0 (applied to the whole folder, see LICENSES.md)",903a476a3478a119d356b27de692d14b66c34c9e77427b8376d2ae8cf897aaad,62d99a4356e13925a5bb3cedfa50dd7b7e95f966b6c4ba3f339b3b1f1fb60813
noise_test_CopyMachine_2.flac,CopyMachine,test,noise_test/CopyMachine_2.wav,57.414,918628,-30.92,0.0,Freesound (CC0),"CC BY-SA 3.0 (applied to the whole folder, see LICENSES.md)",08cfb3a370a1e1b22b33c14fc678f034a056ae79b890fc8ad55efe3544bebae4,c3243108bde2bd1b47b4b8f7fb9a52dfaea035fe1981c09800ccf9a2bab904fd
noise_test_Munching_1.flac,Munching,test,noise_test/Munching_1.wav,24.001,384022,-31.85,-0.0,Freesound (CC0),"CC BY-SA 3.0 (applied to the whole folder, see LICENSES.md)",94698a5b43d28e6ba393c804c633aa6458a58a3c2bfdaef0bbfacde045eec2f5,3eafc60ce4b5f279d5fe997a2482041983eb6865134ab1cca521edf675e33486
noise_test_Munching_2.flac,Munching,test,noise_test/Munching_2.wav,31.804,508863,-27.43,-0.0,Freesound (CC0),"CC BY-SA 3.0 (applied to the whole folder, see LICENSES.md)",4cdfd11c881180f28fcb848db72b66ebbb93c49bf1fbf1a4f25b0c86df19855b,1211883a8125e8a499c8209657385d64a2faf1b30f8d6227d836be796bdeeb86
noise_test_Munching_3.flac,Munching,test,noise_test/Munching_3.wav,100.75,1612000,-31.14,0.0,Freesound (CC0),"CC BY-SA 3.0 (applied to the whole folder, see LICENSES.md)",422af08089dcb0db304482fd9a70ad29a1ac12146c6b74659d672cb3b4b25bb0,1f68923b351f25844240bf1339b842bb85b7ee5b7434dac0f8846dffd79a1cb1
noise_test_Munching_4.flac,Munching,test,noise_test/Munching_4.wav,24.898,398367,-25.89,0.0,Freesound (CC0),"CC BY-SA 3.0 (applied to the whole folder, see LICENSES.md)",57118c52422f7c4a93a04d81d1c36d54d7d0af087fa51acbb541e158c2361011,883a2fefb6c1b2c85c51a5ea80cb99856ba2e176180c58102725e709d6a2904e
noise_test_Munching_5.flac,Munching,test,noise_test/Munching_5.wav,65.244,1043898,-35.35,0.0,Freesound (CC0),"CC BY-SA 3.0 (applied to the whole folder, see LICENSES.md)",1982166550877b364802d9961182022f2cc80778acbdd74220efdee3591f28e6,5625fe3d250125a6608051f8a7eee1575566ff710576eb57a61ed2a62c88e425
noise_test_Munching_6.flac,Munching,test,noise_test/Munching_6.wav,21.317,341068,-29.9,0.0,Freesound (CC0),"CC BY-SA 3.0 (applied to the whole folder, see LICENSES.md)",cd3d860645eb5a41d3e294656255db83e9e8484dcc6012f1320b4716bc284717,29574dc70a2aa149d719edaa1e0f4a17a9457aba7eca05de5eff4c002f193b23
noise_test_Munching_7.flac,Munching,test,noise_test/Munching_7.wav,35.687,570986,-32.9,0.0,Freesound (CC0),"CC BY-SA 3.0 (applied to the whole folder, see LICENSES.md)",a021ba9a74de324eccd196fa7207e7b674dc6183be886999267d9a0148a71ddc,1c1c349088303903985eb1201878cc2a3ae2130c5f32c1bdb083c88c1085f0d8
noise_test_Munching_8.flac,Munching,test,noise_test/Munching_8.wav,37.536,600578,-34.75,-0.0,Freesound (CC0),"CC BY-SA 3.0 (applied to the whole folder, see LICENSES.md)",a5e68a9b79706c82416b2baac6e1d246ca8c93008e89585665a13debfeb5e991,0d96d1e3ab95f07307acd6df36a9163e8bfdf29f937f768315791569ebeafda4
noise_test_Neighbor_1.flac,Neighbor,test,noise_test/Neighbor_1.wav,60.161,962576,-19.35,-0.0,Freesound (CC0),"CC BY-SA 3.0 (applied to the whole folder, see LICENSES.md)",8103b056e29db5c2725a2d61ce7f4345e1e9cb7cb5b302811bd1a3b00e216cbc,aac525ee625d7a21c526db269fac77dd6911f677d6c1cacd9eaff30427d754dd
noise_test_Neighbor_2.flac,Neighbor,test,noise_test/Neighbor_2.wav,48.745,779928,-23.52,0.0,Freesound (CC0),"CC BY-SA 3.0 (applied to the whole folder, see LICENSES.md)",0dea6bca176774db82c9ddd8eef5a90f2df6975815fb1b92466c539bee57db4b,3fc8b32e797415c261c10ced02e79cf6d3023d37648ce7797deadc615c7a56ad
noise_test_Neighbor_3.flac,Neighbor,test,noise_test/Neighbor_3.wav,58.125,930000,-16.18,0.0,Freesound (CC0),"CC BY-SA 3.0 (applied to the whole folder, see LICENSES.md)",cef1ca721de351c0f8f7a2d267b5e71e4885c6962c6436914a99ffa19cfb68ed,6148e1c6234c8a847cc4f0505040587ed8e79597147165edc8163413056ccaf9
noise_test_Neighbor_4.flac,Neighbor,test,noise_test/Neighbor_4.wav,22.953,367246,-18.41,0.0,Freesound (CC0),"CC BY-SA 3.0 (applied to the whole folder, see LICENSES.md)",6f095b77b7e45857e7a023cd17e6cc55fe7d7f7b953299e08ef23e0ce79c7577,44567c2658a80fe94d9bdd96d413388fd9adc9ba142351683e7a56440b59d980
noise_test_Neighbor_5.flac,Neighbor,test,noise_test/Neighbor_5.wav,36.288,580613,-22.66,0.0,Freesound (CC0),"CC BY-SA 3.0 (applied to the whole folder, see LICENSES.md)",31af1b06cf16a0c6648ba7b636780446fd3d24c86dddbf2787e80bb90db3c44b,c9ac0923b40c68861e2791d4558779965692644d0b2d58f0af0ddd56fec5a0fc
noise_test_Neighbor_6.flac,Neighbor,test,noise_test/Neighbor_6.wav,37.676,602810,-19.23,0.0,Freesound (CC0),"CC BY-SA 3.0 (applied to the whole folder, see LICENSES.md)",088d40ff25466fff85992ec1cad680bc6259b6e76cd4bd0cc438a990b6eb9b38,ca10bc837125297a1757d1472f37839622b6f45e9aeeaec81913f5972fb8d612
noise_test_Neighbor_7.flac,Neighbor,test,noise_test/Neighbor_7.wav,60.161,962576,-19.35,-0.0,Freesound (CC0),"CC BY-SA 3.0 (applied to the whole folder, see LICENSES.md)",8103b056e29db5c2725a2d61ce7f4345e1e9cb7cb5b302811bd1a3b00e216cbc,aac525ee625d7a21c526db269fac77dd6911f677d6c1cacd9eaff30427d754dd
noise_test_Neighbor_9.flac,Neighbor,test,noise_test/Neighbor_9.wav,24.916,398661,-35.21,0.0,Freesound (CC0),"CC BY-SA 3.0 (applied to the whole folder, see LICENSES.md)",55d9116e1530976035ef5b1047d8ac3a192388bcee5119c4a3f9a60525cd1c9a,7a0cca5b30caee6aae90590f13bfa62b9ff71cbc52e0146451a68e077935ec6c
noise_test_ShuttingDoor_1.flac,ShuttingDoor,test,noise_test/ShuttingDoor_1.wav,23.181,370896,-18.02,-0.0,Freesound (CC0),"CC BY-SA 3.0 (applied to the whole folder, see LICENSES.md)",d64b577d0019f9045231f27b408086ce9169440f944909665911702d5ef81459,1efeda6f7262679ba662da769038dff05ea46d1bb8093be3adb1ba7414067ac9
noise_test_ShuttingDoor_2.flac,ShuttingDoor,test,noise_test/ShuttingDoor_2.wav,22.142,354264,-26.71,-0.0,Freesound (CC0),"CC BY-SA 3.0 (applied to the whole folder, see LICENSES.md)",5b2be930032cc6cfe7a7b8d6648d033ce285efacd667a6740f6e7df99d7d3b3f,d2c5fabad42978166be8e81876f7876217655aa9a31c873af1d113d8b2e97f4b
noise_test_ShuttingDoor_3.flac,ShuttingDoor,test,noise_test/ShuttingDoor_3.wav,24.327,389232,-22.18,0.0,Freesound (CC0),"CC BY-SA 3.0 (applied to the whole folder, see LICENSES.md)",2ac7546180c277580edbe1dda56d5f327af42113286c420fbe58b9cf9ee15fb0,9f8f9d1ab1ef2830111aad1e25492c8842a14966f2b9f6d4a5416f2cf7756f09
noise_test_ShuttingDoor_4.flac,ShuttingDoor,test,noise_test/ShuttingDoor_4.wav,32.626,522016,-21.3,-0.0,Freesound (CC0),"CC BY-SA 3.0 (applied to the whole folder, see LICENSES.md)",b636a9826468222863bd152582896d22fa4cde5b6528799fb307a613c33a3eb3,099ea224f2ca8cfdcfc603e85cd7b4df03fe7b3470b0c7bbcd114e613417a20a
noise_test_ShuttingDoor_5.flac,ShuttingDoor,test,noise_test/ShuttingDoor_5.wav,34.16,546560,-13.11,-0.0,Freesound (CC0),"CC BY-SA 3.0 (applied to the whole folder, see LICENSES.md)",2328b3b5f414b6189b8322f48c8b2a879ab99bad5a4f47bfe98acd3e2741eaca,794f07f057cebe542f515340cde061b37cc3408498b0d7ae1eb693938374a6c9
noise_test_ShuttingDoor_6.flac,ShuttingDoor,test,noise_test/ShuttingDoor_6.wav,21.843,349488,-14.57,-0.0,Freesound (CC0),"CC BY-SA 3.0 (applied to the whole folder, see LICENSES.md)",e47e1217b421de418184d2323f239a29409c341c10b13279dd2b1251a4d46e88,7a5bc48d1917fe4f5cefe240d8a376627f016767fdd4aa9bacda99732c32d339
noise_test_ShuttingDoor_7.flac,ShuttingDoor,test,noise_test/ShuttingDoor_7.wav,28.536,456576,-24.21,-0.0,Freesound (CC0),"CC BY-SA 3.0 (applied to the whole folder, see LICENSES.md)",c1f127411364d6944668a6413f23dd3a3b0db1bbc528f3d75cb33e523f6c7355,394201fb7fb60a92db0af5b0a4879f87cc7add9710721461f42267937935adf8
noise_test_ShuttingDoor_8.flac,ShuttingDoor,test,noise_test/ShuttingDoor_8.wav,22.0,352000,-27.34,-0.0,Freesound (CC0),"CC BY-SA 3.0 (applied to the whole folder, see LICENSES.md)",dc06e4cf18034aa8272d080382150ed4e344ed0bdcd42eb6dd9f8d35bd116bd9,53ddbb4931e0a0b6c1b1548a558341587c7321566dc4ddd1191cce743d9356a4
noise_test_Typing_1.flac,Typing,test,noise_test/Typing_1.wav,212.273,3396362,-39.52,-0.0,Freesound (CC0),"CC BY-SA 3.0 (applied to the whole folder, see LICENSES.md)",269293e0bea51a51ab491a3604f8adbb4cb1c2230d6706b29cd5dcd20439b20a,07bc6dbaab83246f71732acbd21b1b35830967101d096d0c64b2475a1415c300
noise_test_Typing_2.flac,Typing,test,noise_test/Typing_2.wav,210.155,3362478,-38.26,0.0,Freesound (CC0),"CC BY-SA 3.0 (applied to the whole folder, see LICENSES.md)",2654a65acc9337aad79b4e7c6936b1a7956ae99f10e83ac2c50b7c4442771229,738c8f7de6b45facfc136c4dd689f412fa26bd54071c2575f36a985e48555ed3
noise_test_VacuumCleaner_1.flac,VacuumCleaner,test,noise_test/VacuumCleaner_1.wav,34.667,554669,-19.47,-0.0,Freesound (CC0),"CC BY-SA 3.0 (applied to the whole folder, see LICENSES.md)",5521f3bbca36a7f5b6b3f55c94f1e9513c5dd50f04d039aebcf2210ca20b5b4b,3b204cfdd67e02001626f5dfde27210a4ba455859cf6562e9dff2162664ec1ed
noise_train_AirConditioner_1.flac,AirConditioner,train,noise_train/AirConditioner_1.wav,20.939,335031,-12.32,0.0,Freesound (CC0),"CC BY-SA 3.0 (applied to the whole folder, see LICENSES.md)",5f527cc074c8abd32a19fa0833a48a670d92d4c38a6c91baa56fc7f7432dad5f,cf938753a3c5315f332fe06a80bef7f356b018f3096e7656a94377d660f44c21
noise_train_AirConditioner_10.flac,AirConditioner,train,noise_train/AirConditioner_10.wav,74.218,1187483,-15.77,-0.0,Freesound (CC0),"CC BY-SA 3.0 (applied to the whole folder, see LICENSES.md)",8a4c87a044906cf4886acf4b6b8c60f7e07d3444abbed18382905f6f78e17e88,b9eb85a7e67b9f7c1c3a996020ad8087cba6bfc4fc651e7232853c6f19949e86
noise_train_AirConditioner_2.flac,AirConditioner,train,noise_train/AirConditioner_2.wav,38.235,611760,-12.01,0.0,Freesound (CC0),"CC BY-SA 3.0 (applied to the whole folder, see LICENSES.md)",20f86e44d3954f67e3415e3d2088f8961dd766ea18a0ac3a960591727f143c27,28932133eacb4f735e1f15084db3de7973523a5d2b0774c33935bd6e52e8bd9a
noise_train_AirConditioner_3.flac,AirConditioner,train,noise_train/AirConditioner_3.wav,30.708,491328,-18.41,-0.0,Freesound (CC0),"CC BY-SA 3.0 (applied to the whole folder, see LICENSES.md)",08042132022acf3eb17b4516b47b36728cc412cd873a98197cf1b50efd47848a,5eef41f7e13ef843155e4dae8c3ccb94ee0fa06d7f415ae5dc9ba9822b2d652b
noise_train_AirConditioner_4.flac,AirConditioner,train,noise_train/AirConditioner_4.wav,27.961,447381,-14.0,0.0,Freesound (CC0),"CC BY-SA 3.0 (applied to the whole folder, see LICENSES.md)",0a78d4f48f94f4fa6b32deaf62da7b6cf8af2bd9b87c8d3946b3574db5c7c013,a1a0ca92f6067ec921d7d65fff0e4a3510de9c3b8d792b779e3d9a6e087827db
noise_train_AirConditioner_5.flac,AirConditioner,train,noise_train/AirConditioner_5.wav,29.611,473771,-16.48,-0.0,Freesound (CC0),"CC BY-SA 3.0 (applied to the whole folder, see LICENSES.md)",b68ce86b24b35d05483586ff106183ad56929a2b53a51dee55abd22312bf3823,0ab1737dc0012a901024729da076f6e0ddf27aba0ea578e54214946453181b41
noise_train_AirConditioner_6.flac,AirConditioner,train,noise_train/AirConditioner_6.wav,20.355,325680,-12.87,-0.0,Freesound (CC0),"CC BY-SA 3.0 (applied to the whole folder, see LICENSES.md)",f754931c0eccc832e8ff4566674d82a291aeeba9daf879a46c467ad9daab6303,1adebd0ae80e73edb098b59a10953671dfcbf8eb5f9b6993cb9d194463e0f3be
noise_train_AirConditioner_7.flac,AirConditioner,train,noise_train/AirConditioner_7.wav,141.0,2256000,-13.76,-0.0,Freesound (CC0),"CC BY-SA 3.0 (applied to the whole folder, see LICENSES.md)",dab714442326f6f95f774baee94e03e958dab7fe468a3ed107ee163efde2801c,be30907b2f8c3ff582b775e2a10c004787489e8ca0f2e230fda037aa5323d480
noise_train_AirConditioner_8.flac,AirConditioner,train,noise_train/AirConditioner_8.wav,32.836,525380,-12.84,-0.0,Freesound (CC0),"CC BY-SA 3.0 (applied to the whole folder, see LICENSES.md)",d2a2b9c4292861f3dfb09aaa9060ad15f5452b40c9c3edbb7914eaa5ebabefbd,c7aabc2999acd917a68e7d26c66fdf1f4003c94a31a2810a341603bedd0af8e8
noise_train_AirConditioner_9.flac,AirConditioner,train,noise_train/AirConditioner_9.wav,120.12,1921927,-13.47,-0.0,Freesound (CC0),"CC BY-SA 3.0 (applied to the whole folder, see LICENSES.md)",b3f7df9ba165440984d12a99c432907d691c5c28e20fe7fa08854ea37c81757b,88b01b2ac0d485d185efa175a0fe40465298c576a96926008783ff610f58a75c
noise_train_AirportAnnouncement_11.flac,AirportAnnouncement,train,noise_train/AirportAnnouncement_11.wav,34.455,551285,-14.39,0.0,Freesound (CC0),"CC BY-SA 3.0 (applied to the whole folder, see LICENSES.md)",caf84a2b5540ee1da2ea0b2a7c5eb29eee7fd446e32586074cabd5244699f40a,6e631554720105ab7278b5b29e4b85f9cf44d41b87e6c692cf6a3ce2953cbefe
noise_train_AirportAnnouncements_1.flac,AirportAnnouncements,train,noise_train/AirportAnnouncements_1.wav,35.181,562888,-19.88,0.0,Freesound (CC0),"CC BY-SA 3.0 (applied to the whole folder, see LICENSES.md)",28aa94954c55d39191848c93249779b7b45249cab00d748b529dadd15a0c4ec0,77a52bd33663845b357e8d6b4f16c147435194339eb20ac086a70832470cbd7d
noise_train_AirportAnnouncements_10.flac,AirportAnnouncements,train,noise_train/AirportAnnouncements_10.wav,54.924,878787,-17.07,-0.0,Freesound (CC0),"CC BY-SA 3.0 (applied to the whole folder, see LICENSES.md)",bdba2a331ddfbac4aa86eebc5509972dc4fd2e49a8d6fbcae4b1db5049e4d334,e96953d1c5f2cd9275b15490035854021ef0952609f908391cede0b25b669eb3
noise_train_AirportAnnouncements_2.flac,AirportAnnouncements,train,noise_train/AirportAnnouncements_2.wav,166.502,2664028,-17.79,0.0,Freesound (CC0),"CC BY-SA 3.0 (applied to the whole folder, see LICENSES.md)",f06d9b35f6f1002f418393aa583dbdb3fd58f54ffaa7e4210dd15ab799008647,4d1794f1faa21e925912d5c668861d055e18f4f48be2a4af388d145fbb580b99
noise_train_AirportAnnouncements_3.flac,AirportAnnouncements,train,noise_train/AirportAnnouncements_3.wav,59.331,949303,-16.78,0.0,Freesound (CC0),"CC BY-SA 3.0 (applied to the whole folder, see LICENSES.md)",610ebcf170e9dcd5a78cf6e89c76980c92817d256476622357ea064647bcabc2,62f17e2d858569d50bbf52fb77f51cb751e953f8ab74d3cb8bb31311286ff94f
noise_train_AirportAnnouncements_4.flac,AirportAnnouncements,train,noise_train/AirportAnnouncements_4.wav,91.933,1470921,-15.61,0.0,Freesound (CC0),"CC BY-SA 3.0 (applied to the whole folder, see LICENSES.md)",9d4b37a3a1fec5588ce81c17f5ba4d8fd602b27647ae819c1f0ebba120bc866c,b8718cf165c9215f28f6eea3a6ca893b5b940f07f40ce1eed58c6888552c6455
noise_train_AirportAnnouncements_5.flac,AirportAnnouncements,train,noise_train/AirportAnnouncements_5.wav,143.344,2293509,-20.95,-0.0,Freesound (CC0),"CC BY-SA 3.0 (applied to the whole folder, see LICENSES.md)",8d21a7f4888ce9ac4b4c00f64b6f29a1d3c447e26c5d0e59669e04637875d8cb,ccb5b701d081631923ac3867776207536829190ff5bdd31d9d12a7ccab51daf8
noise_train_AirportAnnouncements_6.flac,AirportAnnouncements,train,noise_train/AirportAnnouncements_6.wav,24.261,388170,-18.69,-0.0,Freesound (CC0),"CC BY-SA 3.0 (applied to the whole folder, see LICENSES.md)",c53f4fa60e77cb9240fff037145fabb75e5d5a70f5daa6898c7706634b16ca12,6de78819fc46105ee372603fe719db0a106dcd5f9ecd180574cd85d32110170b
noise_train_AirportAnnouncements_7.flac,AirportAnnouncements,train,noise_train/AirportAnnouncements_7.wav,47.835,765360,-19.54,0.0,Freesound (CC0),"CC BY-SA 3.0 (applied to the whole folder, see LICENSES.md)",de1362449c18bb2449b672c94321769e47bebc56bc4ab2f886d7e95ee6ab74b1,7437600e8bad90743ad9e03ddd9b4e55d45a748b1d39f7f8cb12ba4bd1977cb1
noise_train_AirportAnnouncements_8.flac,AirportAnnouncements,train,noise_train/AirportAnnouncements_8.wav,34.455,551285,-14.39,0.0,Freesound (CC0),"CC BY-SA 3.0 (applied to the whole folder, see LICENSES.md)",e1009f39535def11d05c7619cde7450042cbaab023129dfa94c4fc197f619845,59a06c5a9c46ed2f226d5ee3203f9680a6cb268e87c045bfaa896e1546d18f78
noise_train_AirportAnnouncements_9.flac,AirportAnnouncements,train,noise_train/AirportAnnouncements_9.wav,65.909,1054544,-16.94,-0.0,Freesound (CC0),"CC BY-SA 3.0 (applied to the whole folder, see LICENSES.md)",fbc36d20f14f9e6b7378cda0e3f38fc07afd2920b5f996c67db08b8d7b6507ff,985e013cc5745a2a6429a30efcfe203b80068606a71114f7ed65d27fa5daed1d
noise_train_Babble_1.flac,Babble,train,noise_train/Babble_1.wav,81.233,1299734,-25.47,-0.0,Freesound (CC0),"CC BY-SA 3.0 (applied to the whole folder, see LICENSES.md)",2e4c9fd603ae01cfbbfa1ee599188922a94541b7f1bad37cc8ae29703d947826,074a1cbf304e5d976e164bcc2c9aec3c68b461f312eddef5e7b72186c11898c2
noise_train_Babble_10.flac,Babble,train,noise_train/Babble_10.wav,34.737,555787,-29.21,-0.0,Freesound (CC0),"CC BY-SA 3.0 (applied to the whole folder, see LICENSES.md)",0cbbd9d48699b5e4f736f0aaeb02e4ba983c166e890bd3d1eea47d3d915bc6dd,61f4b08a53d764ca7664364d6947a0912578364ea7ea6e4e9ecc9c6cb4c9211b
noise_train_Babble_11.flac,Babble,train,noise_train/Babble_11.wav,122.0,1952000,-20.1,-0.0,Freesound (CC0),"CC BY-SA 3.0 (applied to the whole folder, see LICENSES.md)",81d04191a0c5db4f20dfe38c1d228d51a52c52b07b792e45c19a07d4d02175a2,91e02ae0ce8a0d75a74ff20d397eeb359b5fd819ff8670cc7386666b286d8684
noise_train_Babble_12.flac,Babble,train,noise_train/Babble_12.wav,23.077,369232,-18.01,0.0,Freesound (CC0),"CC BY-SA 3.0 (applied to the whole folder, see LICENSES.md)",3046df1b000f78117afa042575c2514674e768705f245e7aa9dee16f0f4d982a,8195a1a49b5b97874191be477837e8e7e110fe08d9e81c98dc1f2c692f2b70c6
noise_train_Babble_2.flac,Babble,train,noise_train/Babble_2.wav,121.059,1936945,-20.89,0.0,Freesound (CC0),"CC BY-SA 3.0 (applied to the whole folder, see LICENSES.md)",9e08cb42635dfc7352f3175b8791494c108b4a322ba97982e6307994affe9b9b,bed624cba250d268bd671a9c313f4fbe01faf6aa74aa255c173870958b487ac4
noise_train_Babble_3.flac,Babble,train,noise_train/Babble_3.wav,55.054,880872,-23.01,-0.0,Freesound (CC0),"CC BY-SA 3.0 (applied to the whole folder, see LICENSES.md)",61d9f1c39d9fb2aefc98f178de1cb0678f5d938f27cb5f97d838ef4797f97f9a,2f58df949fe24ff485999e69b5de0e85d81226b5037a9ccb24b73cedb8f0f759
noise_train_Babble_4.flac,Babble,train,noise_train/Babble_4.wav,68.921,1102731,-23.64,-0.0,Freesound (CC0),"CC BY-SA 3.0 (applied to the whole folder, see LICENSES.md)",bdd4babc6bf1ee2d0f22962c252f8d2147974d0507437c824c9e66fca56b58a7,9e2211966de625ab13ad413568658def0c132de7a2ae5e8791b41e4a7f2a475f
noise_train_Babble_5.flac,Babble,train,noise_train/Babble_5.wav,60.0,960000,-27.32,0.0,Freesound (CC0),"CC BY-SA 3.0 (applied to the whole folder, see LICENSES.md)",3d5ef32d4de7b1790b4d1fe77be322e3efac99acb73c5726f044f8a66441df55,9161bf4508d3241dfecee787c5d032fc5e4500b92c68b00bd878636ffd9a38a5
noise_train_Babble_6.flac,Babble,train,noise_train/Babble_6.wav,38.118,609890,-25.25,-0.0,Freesound (CC0),"CC BY-SA 3.0 (applied to the whole folder, see LICENSES.md)",faa2e46b22e195ff4e75a22057084c9a5c8e2006c2af85a3cb6c58eaf400b5d2,8b3caec22bdedbd92f5f956fb217e7d1b66248edfb3fd11d53ef63b0eff8cfaa
noise_train_Babble_7.flac,Babble,train,noise_train/Babble_7.wav,48.748,779965,-21.74,0.0,Freesound (CC0),"CC BY-SA 3.0 (applied to the whole folder, see LICENSES.md)",b76da78dcd713cc5fcbd7281d97760f113b7fb9f9dd134bb892e055b39e742a4,e5f14763411db0427a16e2221bff9f845a5a32391b9a991c4faf972a7999ae74
noise_train_Babble_8.flac,Babble,train,noise_train/Babble_8.wav,187.585,3001366,-21.23,0.0,Freesound (CC0),"CC BY-SA 3.0 (applied to the whole folder, see LICENSES.md)",522f6e8f96f87ef5d6d704a94eab9aa10e856bb7c7ab3628ce03b8cf7abecb4c,a1fd336222604d783d238edd3fa6ee7f46dd1a7f9f744d9e3be8d6cf8d380fbb
noise_train_Babble_9.flac,Babble,train,noise_train/Babble_9.wav,30.604,489664,-18.41,0.0,Freesound (CC0),"CC BY-SA 3.0 (applied to the whole folder, see LICENSES.md)",8710e2c9cf6d73c4915bc6868a71bd697f412c7c03fc2f00c7440b664947cdd7,99152c701657e10222edec989ae69e08c0ae1641b756b8368792e96592c7b1df
noise_train_Bus_1.flac,Bus,train,noise_train/Bus_1.wav,300.004,4800064,-28.01,-6.95,DEMAND (name matches a DEMAND environment),"CC BY-SA 3.0 (applied to the whole folder, see LICENSES.md)",cadfe1317a0db6bff9f2e60f9ee26025c72fbe8de8c304483b7694800368b553,8655378838242e28beabfe523dd8c5b15e35096e7db818e6ea696a0d12636a79
noise_train_CafeTeria_1.flac,CafeTeria,train,noise_train/CafeTeria_1.wav,300.004,4800064,-28.03,-0.01,DEMAND (name matches a DEMAND environment),"CC BY-SA 3.0 (applied to the whole folder, see LICENSES.md)",5eb7835f04d8ab2c00d3e3318b94c6878d5f229779557b4167aefad23d3dad70,5d896c459c92a1baef73329a90a0d550b9fde35a92d7d0a806066917e96d1135
noise_train_Cafe_1.flac,Cafe,train,noise_train/Cafe_1.wav,300.004,4800064,-28.01,-4.55,DEMAND (name matches a DEMAND environment),"CC BY-SA 3.0 (applied to the whole folder, see LICENSES.md)",15c0a21ba91f2bc81b892009cbe5d29b8032ecfe256583932bfac165404dcc00,9b93f737abda55b7a624ee3998c285621d7b5db89d923a1d4d69a538cc6a0e20
noise_train_Car_1.flac,Car,train,noise_train/Car_1.wav,300.004,4800064,-28.01,-7.99,DEMAND (name matches a DEMAND environment),"CC BY-SA 3.0 (applied to the whole folder, see LICENSES.md)",3f87a72e947697a1c6c567926b9b07a9bc5e4777eaa221947e93d9cba55636de,d3ab78ce0e9eddea70fbf8b31310c20939eb065425b1790a990d55c6b995cc3f
noise_train_CopyMachine_1.flac,CopyMachine,train,noise_train/CopyMachine_1.wav,31.255,500078,-24.16,0.0,Freesound (CC0),"CC BY-SA 3.0 (applied to the whole folder, see LICENSES.md)",bb3b9e4c8881a6681f50c4ba9f6a94ef5d06c4d4eb3861f53dfcbffa9c035a43,9d820233ebb83c7426ed4e8ef7497735d24b16c937c0492ff95ac99f7f22dd7e
noise_train_CopyMachine_10.flac,CopyMachine,train,noise_train/CopyMachine_10.wav,285.183,4562922,-34.1,-0.0,Freesound (CC0),"CC BY-SA 3.0 (applied to the whole folder, see LICENSES.md)",a700b28c17ced50ca08e6d4200e19e7c063cbb72851af651abce5979c5cdc18e,8711253c18e6b80d9474230735dc730780ed7150120150d4f00042b3f4487f9f
noise_train_CopyMachine_2.flac,CopyMachine,train,noise_train/CopyMachine_2.wav,24.352,389636,-23.05,-0.0,Freesound (CC0),"CC BY-SA 3.0 (applied to the whole folder, see LICENSES.md)",f56a8e390e9206c601327709c619604be3b24c27f3944382e4018d5ea4d8fc6a,3f2cb64676169cbc58abc07fbb71b12a2630e6e7f8b4af977ccf3f954e6963e3
noise_train_CopyMachine_3.flac,CopyMachine,train,noise_train/CopyMachine_3.wav,20.713,331416,-12.38,-0.0,Freesound (CC0),"CC BY-SA 3.0 (applied to the whole folder, see LICENSES.md)",11dffb97d34eb8bf0d0f7c0ce257d8fd9cb6be6b3dd6ad9e387147f477377c9f,107433ca1c0e993802c0e2b2980fe01e2366afaa6cf16401c5345e07ebaf5af2
noise_train_CopyMachine_4.flac,CopyMachine,train,noise_train/CopyMachine_4.wav,27.103,433652,-14.98,0.0,Freesound (CC0),"CC BY-SA 3.0 (applied to the whole folder, see LICENSES.md)",e2d70ac539439e4833b519823fa7e8ea3de7afd8100020b6cbc46d72377335bb,a4c2e484d17b4c3a9758c016d506f352edcf0ed9569476874c1c7009d0577e70
noise_train_CopyMachine_5.flac,CopyMachine,train,noise_train/CopyMachine_5.wav,21.829,349266,-25.84,-0.0,Freesound (CC0),"CC BY-SA 3.0 (applied to the whole folder, see LICENSES.md)",05e2a8384408ee27f9746d06242faad4df7455bd236b646ea5b3112e0843e11b,d0f80bd95d97e3e7e9dc908ca3b6259f79bf90aae33226e0b7442f0701aa49e8
noise_train_CopyMachine_6.flac,CopyMachine,train,noise_train/CopyMachine_6.wav,31.493,503892,-26.28,0.0,Freesound (CC0),"CC BY-SA 3.0 (applied to the whole folder, see LICENSES.md)",009a8abd29ba1a608df26660b2d3630be6a1b1f69506fc934ac19ba8b606ec0a,6027c41902de2a2939986872ab08b463a5f4f102434fc61cbeb0e8c856b78203
noise_train_CopyMachine_7.flac,CopyMachine,train,noise_train/CopyMachine_7.wav,45.968,735495,-25.42,-0.0,Freesound (CC0),"CC BY-SA 3.0 (applied to the whole folder, see LICENSES.md)",b8a7ec736cd252d1cd7538834730b76ab4f8672f299de64986905a396c68ea46,8ba9405a44a1bc2c058ae65982befac6591e853b754901e40ad3f9e4247bfe0b
noise_train_CopyMachine_8.flac,CopyMachine,train,noise_train/CopyMachine_8.wav,285.183,4562922,-34.1,-0.0,Freesound (CC0),"CC BY-SA 3.0 (applied to the whole folder, see LICENSES.md)",02dbc2489d4e94fad6cbd8e301add880a799fb45f530454996f718f4f377a84e,9afa5590404eca7726e977e009c8d94afdb776f6a2454e78d80692f45359af34
noise_train_Field_1.flac,Field,train,noise_train/Field_1.wav,300.004,4800064,-28.01,-6.54,DEMAND (name matches a DEMAND environment),"CC BY-SA 3.0 (applied to the whole folder, see LICENSES.md)",80cd7c8397cc94d1cf8baeb298194997901f2d36b05e3fd8f4779f93fdcded33,c608bbf37e495d976ec23dc898cd96016d79fbcc0c7e8a41737e3070a33db59f
noise_train_Hallway_1.flac,Hallway,train,noise_train/Hallway_1.wav,300.004,4800064,-28.01,-1.92,DEMAND (name matches a DEMAND environment),"CC BY-SA 3.0 (applied to the whole folder, see LICENSES.md)",ca3ddd16162332e0ef4d003fd2ec6aa553ad616dcd8da2da28bd5c2323ba140e,9b7cf2ee1a120e588493d7c131b7aad7e5ec9307d2bbdfd3355d29861308e6a4
noise_train_Kitchen_1.flac,Kitchen,train,noise_train/Kitchen_1.wav,300.004,4800064,-28.01,-0.02,DEMAND (name matches a DEMAND environment),"CC BY-SA 3.0 (applied to the whole folder, see LICENSES.md)",466d852c08939cd1532821514ea2bde30484a5bbf947cf3201bf4a144c1662b9,7d4e620547d4ca2f133828c03972e3382d3a105f357c4d06baf02a6485b8abe6
noise_train_LivingRoom_1.flac,LivingRoom,train,noise_train/LivingRoom_1.wav,300.004,4800064,-28.01,-8.51,DEMAND (name matches a DEMAND environment),"CC BY-SA 3.0 (applied to the whole folder, see LICENSES.md)",8dfdf65a591c3be0396e48e85bee91b454a9b3b7aebfae31e9358897fa69dac8,0860a5973e84b7f8f9b9343a4dcdf8c869babc3810bac8abd367baf004059782
noise_train_Metro_1.flac,Metro,train,noise_train/Metro_1.wav,300.004,4800064,-28.01,-6.56,DEMAND (name matches a DEMAND environment),"CC BY-SA 3.0 (applied to the whole folder, see LICENSES.md)",74f7925ab4970a69b37a3bf4388c1c3b9fd6703f29a80ffb0859a78f357dfc14,4258dcc3dfa25c5a89f13dfe8e0166395ee5b010198a7d52d68d94c5db8771c1
noise_train_Munching_1.flac,Munching,train,noise_train/Munching_1.wav,33.775,540404,-39.9,0.0,Freesound (CC0),"CC BY-SA 3.0 (applied to the whole folder, see LICENSES.md)",abc205a2b1adf55470edec88de698773559fb2f4b4a5c31e99bc6aff99b41972,db9c066b4a7051f831281aca6d3f07bc1e2202f7c08d3b49465080cd896e7758
noise_train_Munching_10.flac,Munching,train,noise_train/Munching_10.wav,28.892,462268,-28.87,0.0,Freesound (CC0),"CC BY-SA 3.0 (applied to the whole folder, see LICENSES.md)",b48df7ebb3c222da116ebb355437f0ff744061cc0238b031b08093ab7a3a5d9d,fbc77f60a01eb31bfe4b0c354fa80eb73327b1251a905583b2f76355ca9ce509
noise_train_Munching_2.flac,Munching,train,noise_train/Munching_2.wav,28.22,451518,-23.76,0.0,Freesound (CC0),"CC BY-SA 3.0 (applied to the whole folder, see LICENSES.md)",1a06b89b8efa8f73f8e3ed4e347c8c2eb7d60c29b052057da89b4f47a099f41b,e306b6b04a90a9c7f5c750631e674244c28e5af5a7b74250a4ae0d76b42095e7
noise_train_Munching_3.flac,Munching,train,noise_train/Munching_3.wav,55.047,880745,-37.19,-0.0,Freesound (CC0),"CC BY-SA 3.0 (applied to the whole folder, see LICENSES.md)",c2edd62acf9d5cd93fd42776d0fd0c85e9c33b7fbcc5a551917387631d7bdc1e,6c29f62699500ec36a8962f58cfd615d9fd28ff64f7a20abc25aa1dcf5ddcddc
noise_train_Munching_4.flac,Munching,train,noise_train/Munching_4.wav,20.017,320268,-27.12,0.0,Freesound (CC0),"CC BY-SA 3.0 (applied to the whole folder, see LICENSES.md)",61149c1ce80bbf326199c52bb6c7ba98a3b995d90afeb9a72c494db859eb4fd4,29034157aa95cf05ac1f13b08a543a76eb3b8f543c6c4d16f7e98141bd36617b
noise_train_Munching_6.flac,Munching,train,noise_train/Munching_6.wav,28.934,462940,-33.64,-0.0,Freesound (CC0),"CC BY-SA 3.0 (applied to the whole folder, see LICENSES.md)",0fc64d5d18764ac2f2dd5fe2e334f9994085973e2d5f229a62fb49c759f77689,64a495745d8b810d571b5f7a8f5555ae7af1de68e402ae6ac63b9ba69cc1b304
noise_train_Munching_7.flac,Munching,train,noise_train/Munching_7.wav,40.0,640000,-31.55,0.0,Freesound (CC0),"CC BY-SA 3.0 (applied to the whole folder, see LICENSES.md)",a7ac2d495c9bb7a1d58ec784b4e655fdb68f300c8b38b61dd0f6cdb08a5d4e1c,e7d54e3cafb8a4f10c1b2cbac6a1450b82f7991b62a5b62a31ad354ff1a68ab4
noise_train_Munching_8.flac,Munching,train,noise_train/Munching_8.wav,37.067,593068,-31.58,0.0,Freesound (CC0),"CC BY-SA 3.0 (applied to the whole folder, see LICENSES.md)",05994e6bf0692ca29dbf87cf232dc779e01da828131e25587feb509d8cd5190e,f6e6143446740182113e27e8112e55cd325ee022f0a86ced22b9b415b149a7a2
noise_train_Munching_9.flac,Munching,train,noise_train/Munching_9.wav,56.071,897135,-38.39,0.0,Freesound (CC0),"CC BY-SA 3.0 (applied to the whole folder, see LICENSES.md)",00c76d6ec9599461162b5e2a63ca2dc41ccd1c93085b4b1571e98820c321a882,a25d49d4b65b44ca1aaca729dddcf39b802bb52fa7520888dc393c48282bb2d6
noise_train_NeighborSpeaking_1.flac,NeighborSpeaking,train,noise_train/NeighborSpeaking_1.wav,30.014,480216,-19.79,0.0,Freesound (CC0),"CC BY-SA 3.0 (applied to the whole folder, see LICENSES.md)",47d4e28e78604a14a121692c4604e7101347124f2bb8edd1cb395862d8c621ce,5a312efa299983f5d21917bb8c55e955179a24a68072b02811feff4997651463
noise_train_NeighborSpeaking_10.flac,NeighborSpeaking,train,noise_train/NeighborSpeaking_10.wav,175.49,2807839,-18.76,0.0,Freesound (CC0),"CC BY-SA 3.0 (applied to the whole folder, see LICENSES.md)",6327bfc6b844ce2d02bcbb3b661094c740b796008c1d9763cf478157bc167ade,d468a60fbc2f320430487b3aae2103350f99c5e5afbf34054327764b5d6b67e5
noise_train_NeighborSpeaking_11.flac,NeighborSpeaking,train,noise_train/NeighborSpeaking_11.wav,28.127,450033,-23.19,0.0,Freesound (CC0),"CC BY-SA 3.0 (applied to the whole folder, see LICENSES.md)",77b540d26183f2f032883b231b5a9eb8f988feee2b29c12beab3a664e5690f9a,b4415316dab10665a519f404135346610f656919195064e16627e252e3168a0c
noise_train_NeighborSpeaking_12.flac,NeighborSpeaking,train,noise_train/NeighborSpeaking_12.wav,87.312,1396990,-27.09,0.0,Freesound (CC0),"CC BY-SA 3.0 (applied to the whole folder, see LICENSES.md)",cf900fa9d74eb078abddb0a44bcaac9d3cf9932dba978e36e8e03239ec0e48ab,020a12b6e45b7bdb6edcffa1e340094959af976cc4f933e44839f9d23a62d725
noise_train_NeighborSpeaking_13.flac,NeighborSpeaking,train,noise_train/NeighborSpeaking_13.wav,11.934,190944,-18.96,-0.0,Freesound (CC0),"CC BY-SA 3.0 (applied to the whole folder, see LICENSES.md)",3f1dd57541370048b5e6cefe5e268bb634d0a0e3c45dd553190099f564284f17,afd7ce67e0cbc26a58b09c76f67ffd6dff658ec697ce702b4965a1f0b641403c
noise_train_NeighborSpeaking_14.flac,NeighborSpeaking,train,noise_train/NeighborSpeaking_14.wav,16.443,263087,-21.12,0.0,Freesound (CC0),"CC BY-SA 3.0 (applied to the whole folder, see LICENSES.md)",6d10797754ba8332205cdad88e7972ce200ba5d45ba10b169e90c79117e3f0cf,dadc63568e09ee090e0b504c1ea3c159848c296d29da6892e485df63b11d277b
noise_train_NeighborSpeaking_2.flac,NeighborSpeaking,train,noise_train/NeighborSpeaking_2.wav,22.063,353004,-24.44,-0.0,Freesound (CC0),"CC BY-SA 3.0 (applied to the whole folder, see LICENSES.md)",7e59786ffb01056d14f6fc67138ec6c0d95b643a3254d6bc39bf80081c44062b,47354a39a18afbd1a1fd5fd05af907f8f178950b8ffd1240aceee5cc6b83a94e
noise_train_NeighborSpeaking_3.flac,NeighborSpeaking,train,noise_train/NeighborSpeaking_3.wav,117.049,1872788,-22.84,-0.0,Freesound (CC0),"CC BY-SA 3.0 (applied to the whole folder, see LICENSES.md)",d671463a037b8266eae0f6a539b92517ea0d4b6bef8c04189e0d8d9c17a29b09,7508a4a37d4ee0954a1fbee7afa59ac3e1a64abb072a657b5c571dc0c28c0d84
noise_train_NeighborSpeaking_4.flac,NeighborSpeaking,train,noise_train/NeighborSpeaking_4.wav,23.749,379984,-22.64,0.0,Freesound (CC0),"CC BY-SA 3.0 (applied to the whole folder, see LICENSES.md)",d988f5fa19f56c472bb0b28c0a894183f5169b87b078e04279488fbcda9eca40,3108736a2846fdaa83fcaffd27450b44714c753c3087f5e0f986f6d9d7c52089
noise_train_NeighborSpeaking_5.flac,NeighborSpeaking,train,noise_train/NeighborSpeaking_5.wav,62.227,995634,-19.7,-0.0,Freesound (CC0),"CC BY-SA 3.0 (applied to the whole folder, see LICENSES.md)",d0185a683e4f46d02f29dabf61b65eea8ea9b03c788e49f546bfd7e6f04cbcd9,52fbc4a0c45aba59d229fafecea5700d0153250c276e84cef6037d7de1214bd1
noise_train_NeighborSpeaking_6.flac,NeighborSpeaking,train,noise_train/NeighborSpeaking_6.wav,152.728,2443647,-25.57,-0.0,Freesound (CC0),"CC BY-SA 3.0 (applied to the whole folder, see LICENSES.md)",bf9313c5d9e58f87add1a08f0acc24aa849d7897c4ed566b45b4b5cf2ad20fb3,f2b1e8931265a5610a190941780b1745d2e1e1503688e128e493a152cfd7cce2
noise_train_NeighborSpeaking_7.flac,NeighborSpeaking,train,noise_train/NeighborSpeaking_7.wav,68.209,1091346,-24.86,-0.26,Freesound (CC0),"CC BY-SA 3.0 (applied to the whole folder, see LICENSES.md)",7a4dc5682039837dd8a02653773a746c3377ccd61d7112baa768390596424d12,c4821f68f49507ac72970a175af02e52602bb7b2ec862574784611c6f3984f56
noise_train_NeighborSpeaking_8.flac,NeighborSpeaking,train,noise_train/NeighborSpeaking_8.wav,34.289,548620,-23.33,-0.0,Freesound (CC0),"CC BY-SA 3.0 (applied to the whole folder, see LICENSES.md)",a3c96bf8dcd59b4282fc15447e23cae761208138cb5e1f55034151c9e17f23ad,4922c486520f604f2541f19543f5ec04fb92ce94328675cd42a1e12f39cc1ca3
noise_train_NeighborSpeaking_9.flac,NeighborSpeaking,train,noise_train/NeighborSpeaking_9.wav,286.155,4578482,-21.05,0.0,Freesound (CC0),"CC BY-SA 3.0 (applied to the whole folder, see LICENSES.md)",3c98845bcb09dae6be5cfef52881ff47dfa476e764bd10294163d3d614361393,663a2148d47cefcf4406eba198834406668206b3e703681bf1f8c3a94ddec393
noise_train_Office_1.flac,Office,train,noise_train/Office_1.wav,300.004,4800064,-28.67,-0.0,DEMAND (name matches a DEMAND environment),"CC BY-SA 3.0 (applied to the whole folder, see LICENSES.md)",31c78576d9e318abce8f296e5cda09816b0e66459ff56de824cf0b3cd94673c3,449d38925f2cff29d1e7ea174375dff7468c2069c21c41f00cd112f012ef7ef2
noise_train_Park_1.flac,Park,train,noise_train/Park_1.wav,300.004,4800064,-28.01,-3.17,DEMAND (name matches a DEMAND environment),"CC BY-SA 3.0 (applied to the whole folder, see LICENSES.md)",0995d80663592ebd6b0b35b319fceafbd47110c1e0fafb246abad8416f40874f,0678eece49ce810b07b8946f4332b021cf3f84149b19a11b774dcab41c89d7f4
noise_train_Restaurant_1.flac,Restaurant,train,noise_train/Restaurant_1.wav,300.004,4800064,-28.01,-2.74,DEMAND (name matches a DEMAND environment),"CC BY-SA 3.0 (applied to the whole folder, see LICENSES.md)",28ec793a902adb19717e8d11ff31111ad96e726fd3c10d58e6839c65fe59f43b,8b89ea13b66ae39118aa6f578809b3d5d7623a8f969c1356a3a202494af5bbb2
noise_train_ShuttingDoor_1.flac,ShuttingDoor,train,noise_train/ShuttingDoor_1.wav,25.115,401840,-27.43,-0.0,Freesound (CC0),"CC BY-SA 3.0 (applied to the whole folder, see LICENSES.md)",845c642145436f203f34f71277c3659d46c7a4f2c4c470403947f84f1b68bcbb,5ce838cb217f293b183c7453887eae0c4f338da88eb1b58c95be98f9d902cebc
noise_train_ShuttingDoor_10.flac,ShuttingDoor,train,noise_train/ShuttingDoor_10.wav,33.652,538432,-28.34,0.0,Freesound (CC0),"CC BY-SA 3.0 (applied to the whole folder, see LICENSES.md)",35ebdb516ea7eab423d216a297d27038be4ae464a6d21d09088e4db8b3334701,bfb1383d86901882eed5ec40875b9deb17d531cfaf9fd678d74c603164040974
noise_train_ShuttingDoor_2.flac,ShuttingDoor,train,noise_train/ShuttingDoor_2.wav,30.148,482368,-23.95,-0.0,Freesound (CC0),"CC BY-SA 3.0 (applied to the whole folder, see LICENSES.md)",f9cf683325cd026c4dfdc2176bcd516fb0fec0e8a22519c79dda599edc70cba0,01bad3533b575bbfa66b18f3c0d1b89b9603c65b6b69b7d31cc5ee00bcc8c4f3
noise_train_ShuttingDoor_3.flac,ShuttingDoor,train,noise_train/ShuttingDoor_3.wav,22.154,354464,-20.78,0.0,Freesound (CC0),"CC BY-SA 3.0 (applied to the whole folder, see LICENSES.md)",0e645edad4fce3c1fea2e2f50b7cc3ee1bb73dba32967cc8112903fdce9997fb,115d2f0c8b9e4e8147b125e964523ae1c0a4c74176eea9777bafd481a03fd092
noise_train_ShuttingDoor_4.flac,ShuttingDoor,train,noise_train/ShuttingDoor_4.wav,36.923,590768,-25.69,0.0,Freesound (CC0),"CC BY-SA 3.0 (applied to the whole folder, see LICENSES.md)",1913c01c445b7f38cf83273180b4a3a1528a3a363a85faeb6eda39943edfd6b7,7e2d5b5473548938db991b628db527dfec414f80fc3288c472c3f6e9184c6d1c
noise_train_ShuttingDoor_5.flac,ShuttingDoor,train,noise_train/ShuttingDoor_5.wav,21.979,351664,-19.22,0.0,Freesound (CC0),"CC BY-SA 3.0 (applied to the whole folder, see LICENSES.md)",1c73b4f9aaa13ecd8acf9903167792fed9f28618bc285ffc7c6d360ae4002b5a,8295317e2e20ed6f3e3095abfa261ae488898edec25b8cd4c887a1553abe0095
noise_train_ShuttingDoor_6.flac,ShuttingDoor,train,noise_train/ShuttingDoor_6.wav,29.523,472368,-14.52,-0.0,Freesound (CC0),"CC BY-SA 3.0 (applied to the whole folder, see LICENSES.md)",89560a1f1167658849a60fd2571e3321a91e78a5e7cc7a34be17a865e043c3a9,374d30d89feb8adead545699faca2074c9879057faa5c483eac2a64284149786
noise_train_ShuttingDoor_7.flac,ShuttingDoor,train,noise_train/ShuttingDoor_7.wav,38.4,614400,-20.09,0.0,Freesound (CC0),"CC BY-SA 3.0 (applied to the whole folder, see LICENSES.md)",a666b9985dfa5bb7c314a7f0ac9dcc4d9ad17e33fe176f3ccaf500f33fa933f2,3d374284b933c1867e797a7d85804e10b03b7aced91cb069dcd1fbfd669edd49
noise_train_ShuttingDoor_8.flac,ShuttingDoor,train,noise_train/ShuttingDoor_8.wav,31.184,498944,-20.35,0.0,Freesound (CC0),"CC BY-SA 3.0 (applied to the whole folder, see LICENSES.md)",102ed3ca045fafa2c5a5ea03585f43975eaaa5eff624b4a1841fc63c8540b482,ee020c0eeb5a2e49deacb7fe232e4bb3d2e8c245914c6cb82c0b55229ef9fa55
noise_train_ShuttingDoor_9.flac,ShuttingDoor,train,noise_train/ShuttingDoor_9.wav,21.352,341632,-14.16,-0.0,Freesound (CC0),"CC BY-SA 3.0 (applied to the whole folder, see LICENSES.md)",81e91e64f64b5837da7d7a2b0de4abf85556f159a9e984904c6866b0e63c6f4a,05745bbdf7d8e58d9e7593201d94b06c58c3b0d8662d0970b6b2c2b52230141e
noise_train_Square_1.flac,Square,train,noise_train/Square_1.wav,300.004,4800064,-28.01,-4.04,DEMAND (name matches a DEMAND environment),"CC BY-SA 3.0 (applied to the whole folder, see LICENSES.md)",7a853d3340db4a4e461a5342f89cc5d062201909879dd2ac1d250ecbe97e5018,5d200baa0d9849e20753ae95aadbb8bb308212c93a69df1f2ab8bc877608d7af
noise_train_SqueakyChair_1.flac,SqueakyChair,train,noise_train/SqueakyChair_1.wav,31.51,504160,-25.96,-0.0,Freesound (CC0),"CC BY-SA 3.0 (applied to the whole folder, see LICENSES.md)",f4dac8ef18bec5d04037fc20f91f2180c7904aa794fa86939927186f1c72f250,871b80b2cd943fa290bbf1e31af0c5c22b45369742e9bb05148da5cc83ba29ac
noise_train_SqueakyChair_10.flac,SqueakyChair,train,noise_train/SqueakyChair_10.wav,24.092,385476,-21.94,-0.0,Freesound (CC0),"CC BY-SA 3.0 (applied to the whole folder, see LICENSES.md)",7485996da71d68df3f835b519c565d23773fed6badc6cacf310c333990a0a38d,f27705fb277c462b4db15fbb3c5a13d8c26c9476dd6af069b5a66b33d7410020
noise_train_SqueakyChair_11.flac,SqueakyChair,train,noise_train/SqueakyChair_11.wav,34.388,550208,-21.55,0.0,Freesound (CC0),"CC BY-SA 3.0 (applied to the whole folder, see LICENSES.md)",fc4a94a54fdab6d915d18b08e52640dcc7a2de41c399fc8887e0cfad4d24dcef,828b24a4e1c4dedfd57af46c9a9f0c042abb8149dd76dee64d8f9d61710f5e4a
noise_train_SqueakyChair_2.flac,SqueakyChair,train,noise_train/SqueakyChair_2.wav,33.248,531968,-20.67,0.0,Freesound (CC0),"CC BY-SA 3.0 (applied to the whole folder, see LICENSES.md)",aa32576ea71f785603cd1967d20e7d8943642ef1c567670cb7b62c7adf568e83,87ccb8b046c4f40e66390a8d868b11f78e3d8a99b255dd520842c556f99216da
noise_train_SqueakyChair_3.flac,SqueakyChair,train,noise_train/SqueakyChair_3.wav,38.235,611760,-12.01,0.0,Freesound (CC0),"CC BY-SA 3.0 (applied to the whole folder, see LICENSES.md)",20f86e44d3954f67e3415e3d2088f8961dd766ea18a0ac3a960591727f143c27,28932133eacb4f735e1f15084db3de7973523a5d2b0774c33935bd6e52e8bd9a
noise_train_SqueakyChair_4.flac,SqueakyChair,train,noise_train/SqueakyChair_4.wav,33.783,540521,-31.31,-0.0,Freesound (CC0),"CC BY-SA 3.0 (applied to the whole folder, see LICENSES.md)",a014aad4bef7a71256b1d41baef862b2162a3948abfa8f7a11e91e2d2061686b,21ada021d86ad006578dcb71dc4cd400e7323a9f53a8d9de8b647b823da242b9
noise_train_SqueakyChair_5.flac,SqueakyChair,train,noise_train/SqueakyChair_5.wav,21.906,350496,-25.34,0.0,Freesound (CC0),"CC BY-SA 3.0 (applied to the whole folder, see LICENSES.md)",e593986313bfffb0c4b181588ddddc075630d44a8df0c13be3865d1ec953fb26,302e29e066e16f8ade4fd3ee1338edec742570f6e39fd6d0de93672337a0a027
noise_train_SqueakyChair_6.flac,SqueakyChair,train,noise_train/SqueakyChair_6.wav,30.089,481417,-24.15,-0.0,Freesound (CC0),"CC BY-SA 3.0 (applied to the whole folder, see LICENSES.md)",4f9058e3a8cfee447481fdff314dc67da0506fc503fe6325238b9e3bcade3229,52d8bf1b7441a825fd439273cc18bc48599600e17c63059f8976db2ecacb658c
noise_train_SqueakyChair_7.flac,SqueakyChair,train,noise_train/SqueakyChair_7.wav,23.656,378501,-32.71,0.0,Freesound (CC0),"CC BY-SA 3.0 (applied to the whole folder, see LICENSES.md)",6652339e00b16b42dd59a4745afed37da279a0172b745417572173437cb11d8c,fd25a3159f9807838af8b95b0cec7c4c65aedb5663b5103897eea69401f269ab
noise_train_SqueakyChair_8.flac,SqueakyChair,train,noise_train/SqueakyChair_8.wav,34.3,548796,-22.94,0.0,Freesound (CC0),"CC BY-SA 3.0 (applied to the whole folder, see LICENSES.md)",94ab108cc8599cb30cd0140ccf883a64a24af7c9b0b3c09a9070f4cc7f5eebb5,c391dbc5aef28bf58094135bc0c4ff6ab15ca688ee5aa635245a6dbed5a03cd5
noise_train_SqueakyChair_9.flac,SqueakyChair,train,noise_train/SqueakyChair_9.wav,26.618,425888,-19.63,0.0,Freesound (CC0),"CC BY-SA 3.0 (applied to the whole folder, see LICENSES.md)",f11e88352b8f75b155619d404626a7d92b819932e87aa83f99b3909d87141841,ff2ea82af288e067a969c61c8338c2ea406e7dec25788177f8709b7714d4d825
noise_train_Station_1.flac,Station,train,noise_train/Station_1.wav,300.004,4800064,-28.01,-11.51,DEMAND (name matches a DEMAND environment),"CC BY-SA 3.0 (applied to the whole folder, see LICENSES.md)",98a9bf616044a5ee31d67c6af749430c6012a75dd45fc28911dd6748dcc3ddf1,8410281ae93f3213836b10ef2c00e40126798b176856d61e6424d0952bd89c42
noise_train_Traffic_1.flac,Traffic,train,noise_train/Traffic_1.wav,300.004,4800064,-28.01,-6.76,DEMAND (name matches a DEMAND environment),"CC BY-SA 3.0 (applied to the whole folder, see LICENSES.md)",9f21d3e8c7c3bd7b606e964376d26edf09852cb64eeebd4f7007b1189d51bf13,4a80df647870e67929f2db03af95c00afb8d5a142f1d1248fc2afd2438f552f0
noise_train_Typing_1.flac,Typing,train,noise_train/Typing_1.wav,37.733,603734,-26.58,-0.0,Freesound (CC0),"CC BY-SA 3.0 (applied to the whole folder, see LICENSES.md)",f96db9df9bc5eb8cef83da9f15e720d9a162dbf0273f6d6de4f337e7f981e18d,cb510a4063bd71f2017cefc0e898a78d2e835def2fd22f55363c5f1a7ef48773
noise_train_Typing_10.flac,Typing,train,noise_train/Typing_10.wav,37.408,598524,-24.55,-0.0,Freesound (CC0),"CC BY-SA 3.0 (applied to the whole folder, see LICENSES.md)",9f404a9eace326a44ed024c629851676975674ed68d64d3a56f2b05b9cbf06f7,2140afda4b5228816b12ff6612cafa8b00eea4fe254c5ff5ba669d60cdacddd2
noise_train_Typing_2.flac,Typing,train,noise_train/Typing_2.wav,37.781,604496,-24.33,-0.0,Freesound (CC0),"CC BY-SA 3.0 (applied to the whole folder, see LICENSES.md)",bc613646ec43e7551caf727494edae576200fe7beb2af14458876eed425a1cbb,12ac4e2b36b9079fb6d0a016096c12a3c9d6369dd10da478efa057dc8a11a804
noise_train_Typing_3.flac,Typing,train,noise_train/Typing_3.wav,43.041,688650,-29.42,0.0,Freesound (CC0),"CC BY-SA 3.0 (applied to the whole folder, see LICENSES.md)",6e5f2630d78940cd1d8245e4d4d049f430cacee5ff0fc2709d7c01a75cfdb516,2c17e9ef4cfd6e98e3d8386f97a636fe377a10bee791727825dc39638c82afba
noise_train_Typing_4.flac,Typing,train,noise_train/Typing_4.wav,27.23,435678,-40.21,0.0,Freesound (CC0),"CC BY-SA 3.0 (applied to the whole folder, see LICENSES.md)",fc2f581d3f4f444b945459927c9b6ba59503f58770f1da3aebf9d8d818070b8d,9b44596a43223c4ea2c04c455914c7f72c8816330caf44e9a1492c3677bd8043
noise_train_Typing_5.flac,Typing,train,noise_train/Typing_5.wav,33.752,540032,-23.13,-0.0,Freesound (CC0),"CC BY-SA 3.0 (applied to the whole folder, see LICENSES.md)",0eca24648a2daf617d4ff1651745d541e5c782184c830f47574bf4f5106c1478,18fb849a00443a89998a595618e81552fa80153bcf403865a243cff2a1f26a9f
noise_train_Typing_6.flac,Typing,train,noise_train/Typing_6.wav,22.213,355405,-31.38,0.0,Freesound (CC0),"CC BY-SA 3.0 (applied to the whole folder, see LICENSES.md)",a706f26edfe64921263a90a1844b6f061f648d64a4780bdc7ede460c381db52f,06926d06a8ffceba109d4902dce9b1c72f239976cbfb9677e2834c13f5aae746
noise_train_Typing_7.flac,Typing,train,noise_train/Typing_7.wav,47.481,759695,-30.32,-0.0,Freesound (CC0),"CC BY-SA 3.0 (applied to the whole folder, see LICENSES.md)",81e70aa823da127718de8ef6c7fc4480e84f34f2c19c21c426d83b50f1a711fc,1c07d589a38c1254a244ed9e50ac9cbf319b0f99e4b701585b3063de32f13d1b
noise_train_Typing_8.flac,Typing,train,noise_train/Typing_8.wav,178.393,2854283,-28.71,-0.0,Freesound (CC0),"CC BY-SA 3.0 (applied to the whole folder, see LICENSES.md)",b15287b74586eba4aa39435ba71a701a0aa4f98ac5b4ec0e2d9cc83a987cd308,b06ed4b88e3e4c0f26dac79cb40672bcbd003097803a7880d41bf9390ab73365
noise_train_Typing_9.flac,Typing,train,noise_train/Typing_9.wav,41.822,669144,-19.87,-0.0,Freesound (CC0),"CC BY-SA 3.0 (applied to the whole folder, see LICENSES.md)",c2e26a5a1e2c1e933622e39cc2a0fe1b872c816b8078f39cbcd9284ca5f9c835,edf60e9da33782ff12d704f8087949fa63411e2684968c3594d89384991a3d0d
noise_train_VacuumCleaner_1.flac,VacuumCleaner,train,noise_train/VacuumCleaner_1.wav,38.964,623422,-18.09,0.0,Freesound (CC0),"CC BY-SA 3.0 (applied to the whole folder, see LICENSES.md)",0be13a77fea59af9682a93c800d66563434330bcecdc0c3474266f98c31b6ecf,d6056ed318f6064332ae58f66438480941cf097e9f204d17627a808d8c34f3ee
noise_train_VacuumCleaner_2.flac,VacuumCleaner,train,noise_train/VacuumCleaner_2.wav,47.089,753418,-14.52,0.0,Freesound (CC0),"CC BY-SA 3.0 (applied to the whole folder, see LICENSES.md)",b434a5969c53f0b8b7c7aff39f8a518378d1a21b5cbd36cc8e0b5d19ec88d3f2,e108bd9515e33539f1180f9c3e530eb1aa175182b438bd8fa0899ed88712a06f
noise_train_VacuumCleaner_3.flac,VacuumCleaner,train,noise_train/VacuumCleaner_3.wav,38.101,609612,-15.48,0.0,Freesound (CC0),"CC BY-SA 3.0 (applied to the whole folder, see LICENSES.md)",696352aaf13aa86b057e702027277e35e67500293c8b8a8a11801caa6e369341,ca131a01100d42494ef12e0a145a333c2d575b9aae8669b3b1e5352bfe4b268b
noise_train_VacuumCleaner_4.flac,VacuumCleaner,train,noise_train/VacuumCleaner_4.wav,20.861,333782,-18.7,0.0,Freesound (CC0),"CC BY-SA 3.0 (applied to the whole folder, see LICENSES.md)",d1df7bb19866664053e7d7fb86a5933eefd2313968fb51fb06c7cd8863c2e2e6,2031f4a06c85b4d8bc5835277ff7decbd0221e02d5cab63d77f4969813c4f3c4
noise_train_VacuumCleaner_5.flac,VacuumCleaner,train,noise_train/VacuumCleaner_5.wav,41.459,663338,-24.79,0.0,Freesound (CC0),"CC BY-SA 3.0 (applied to the whole folder, see LICENSES.md)",a2fcc5e8525df9442a8e1876b56a6e103b471fe15fb20caded2dff6a971d66cf,ff0c2d54169de83ba0f5a3e192379cf76682e3823ddae7ddf03a5928193dc5ed
noise_train_VacuumCleaner_6.flac,VacuumCleaner,train,noise_train/VacuumCleaner_6.wav,27.861,445778,-16.75,0.0,Freesound (CC0),"CC BY-SA 3.0 (applied to the whole folder, see LICENSES.md)",3e9b03408c5fa67104ac07012b85f444014b6be59737169f2a672ea5d42594b2,e002cfbd7743979744866540ac6424d24c3bccb04088b60a5885af384e183292
noise_train_VacuumCleaner_7.flac,VacuumCleaner,train,noise_train/VacuumCleaner_7.wav,47.16,754560,-19.06,-0.0,Freesound (CC0),"CC BY-SA 3.0 (applied to the whole folder, see LICENSES.md)",19fa5f09b93c33561239c8268f54162ab10f49b32a458b9459e8ff0c0854d6b9,12699d74f8d01e60f578a678a1613af68bb56509dc9fc4558052bf4e1af75620
noise_train_VacuumCleaner_8.flac,VacuumCleaner,train,noise_train/VacuumCleaner_8.wav,132.565,2121046,-24.78,0.0,Freesound (CC0),"CC BY-SA 3.0 (applied to the whole folder, see LICENSES.md)",c750ad636d5977cb75dd1f51f68fb13bd66afe50c22258d7ea61b01d67f2bbcd,e59127e183b46443543d01dce5427d4fa6e8a9f396953e43a47a96bf48413068
noise_train_VacuumCleaner_9.flac,VacuumCleaner,train,noise_train/VacuumCleaner_9.wav,58.228,931647,-29.21,-0.0,Freesound (CC0),"CC BY-SA 3.0 (applied to the whole folder, see LICENSES.md)",c889d987efa6eac0d4307eff1d165ebe802a447cf340b551ef2aabe16ad7cf0e,f4e777b8707c20069215f58287522072f94d18061f7e40c8ddea7d49612a450d
noise_train_WasherDryer_1.flac,WasherDryer,train,noise_train/WasherDryer_1.wav,28.754,460060,-15.63,-0.0,Freesound (CC0),"CC BY-SA 3.0 (applied to the whole folder, see LICENSES.md)",23edba99a03f3b48841d868e4e74b00b8f2f5dc51485f5304f7910c70e3f613c,73a83cdc9d4eb6e3a0a088db55e71065b17111792e25f08620d4f21da14e949f
noise_train_WasherDryer_2.flac,WasherDryer,train,noise_train/WasherDryer_2.wav,267.919,4286699,-21.24,-0.0,Freesound (CC0),"CC BY-SA 3.0 (applied to the whole folder, see LICENSES.md)",4bd9e5ca1a6fdf6b50f0b4a176284c0d7924ca2cf398f931a83968936d10b52f,622989858cdfc05887e8ca30d893f8a4eca891e9d843a3bf2aeaefd84102d2f1
noise_train_WasherDryer_3.flac,WasherDryer,train,noise_train/WasherDryer_3.wav,142.798,2284770,-15.15,-0.0,Freesound (CC0),"CC BY-SA 3.0 (applied to the whole folder, see LICENSES.md)",a5bd29770f08f40b6c0698127ad57dacfc82802119a83d8b47077c3af9b5e60a,0f59e98db423d88da8e60ae9f851ea111ef8f11d6e3c78f905113acb63fcdba9
noise_train_WasherDryer_4.flac,WasherDryer,train,noise_train/WasherDryer_4.wav,459.588,7353407,-18.73,0.0,Freesound (CC0),"CC BY-SA 3.0 (applied to the whole folder, see LICENSES.md)",b1eac5ccdbcd97b8468235b9909c9865f24dd5e2c7b822b196f809d6328b3d7f,d5077a429f0335cff8cf627e272d2f7d2f2242676a8d69d4228d91b2b7fd6b51
noise_train_WasherDryer_5.flac,WasherDryer,train,noise_train/WasherDryer_5.wav,22.095,353522,-22.9,0.0,Freesound (CC0),"CC BY-SA 3.0 (applied to the whole folder, see LICENSES.md)",9a7141190e6a827bc31c63d063c9691c1532574445e442b2943b8e9dd1e50441,d3939d30c7199c92660402452824597a8ba410cf4921588d2fb1b9ca803e10d7
noise_train_WasherDryer_6.flac,WasherDryer,train,noise_train/WasherDryer_6.wav,94.11,1505760,-22.32,0.0,Freesound (CC0),"CC BY-SA 3.0 (applied to the whole folder, see LICENSES.md)",80fa76a5ca0750ed51f1c494e433e4873c73fe1c3e0ef3cc581c99368dd4deda,a502a8305e6eb8b1c097496065cf795b12a21098646086cc9b8b9f608dcd8586
noise_train_WasherDryer_7.flac,WasherDryer,train,noise_train/WasherDryer_7.wav,67.0,1072000,-19.43,0.0,Freesound (CC0),"CC BY-SA 3.0 (applied to the whole folder, see LICENSES.md)",84f6896eb135f6437a2ddaca94458f4d775ab1b1b5d3b73326c6e57b6f105c6c,f9c69f024eefbf5d9667fafc7164ce63e8ad785a31e363729b9c8d0110a8cf1b
noise_train_Washing_1.flac,Washing,train,noise_train/Washing_1.wav,300.004,4800064,-28.01,-17.62,DEMAND (name matches a DEMAND environment),"CC BY-SA 3.0 (applied to the whole folder, see LICENSES.md)",4c7eb29f98a79ee078dc9d251e2a22de3a0cbf8932285480ad5c54d9fafe3bf2,819118c9d95e926ee4882e0dde6155726c4a25d0022790d6bbba19fba0bf870a
